[
  {
    "firstName": "Hensley",
    "lastName": "Haley",
    "email": "hensleyhaley@exostream.com",
    "phone": "+1 (941) 438-3483",
    "street": "567 Micieli Place",
    "city": "Oley",
    "state": "Nebraska",
    "zip": 45456
  },
  {
    "firstName": "Harding",
    "lastName": "Velez",
    "email": "hardingvelez@exostream.com",
    "phone": "+1 (958) 563-3235",
    "street": "203 Madison Street",
    "city": "Succasunna",
    "state": "Vermont",
    "zip": 50247
  },
  {
    "firstName": "Flowers",
    "lastName": "Walter",
    "email": "flowerswalter@exostream.com",
    "phone": "+1 (922) 462-2682",
    "street": "226 Moultrie Street",
    "city": "Gambrills",
    "state": "Oregon",
    "zip": 60457
  },
  {
    "firstName": "Bonnie",
    "lastName": "Welch",
    "email": "bonniewelch@exostream.com",
    "phone": "+1 (863) 460-3485",
    "street": "112 Powell Street",
    "city": "Tuttle",
    "state": "Tennessee",
    "zip": 76206
  },
  {
    "firstName": "Waller",
    "lastName": "Turner",
    "email": "wallerturner@exostream.com",
    "phone": "+1 (990) 532-3730",
    "street": "373 Vista Place",
    "city": "Mahtowa",
    "state": "Nevada",
    "zip": 33700
  },
  {
    "firstName": "Vera",
    "lastName": "Mccormick",
    "email": "veramccormick@exostream.com",
    "phone": "+1 (997) 453-2175",
    "street": "488 Dorset Street",
    "city": "Canoochee",
    "state": "North Dakota",
    "zip": 36781
  },
  {
    "firstName": "Brenda",
    "lastName": "Reyes",
    "email": "brendareyes@exostream.com",
    "phone": "+1 (875) 589-2852",
    "street": "937 Albemarle Terrace",
    "city": "Sidman",
    "state": "Wisconsin",
    "zip": 33146
  },
  {
    "firstName": "Gilbert",
    "lastName": "Hancock",
    "email": "gilberthancock@exostream.com",
    "phone": "+1 (830) 508-3874",
    "street": "616 Glenmore Avenue",
    "city": "Belva",
    "state": "New Jersey",
    "zip": 52111
  },
  {
    "firstName": "Vaughan",
    "lastName": "Decker",
    "email": "vaughandecker@exostream.com",
    "phone": "+1 (814) 583-3842",
    "street": "288 Beacon Court",
    "city": "Kennedyville",
    "state": "Palau",
    "zip": 24300
  },
  {
    "firstName": "Lee",
    "lastName": "Smith",
    "email": "leesmith@exostream.com",
    "phone": "+1 (820) 413-3937",
    "street": "897 Berry Street",
    "city": "Lemoyne",
    "state": "Connecticut",
    "zip": 39855
  },
  {
    "firstName": "Rosa",
    "lastName": "Newman",
    "email": "rosanewman@exostream.com",
    "phone": "+1 (854) 480-2692",
    "street": "694 Bainbridge Street",
    "city": "Lookingglass",
    "state": "Alaska",
    "zip": 61835
  },
  {
    "firstName": "Flores",
    "lastName": "Buckner",
    "email": "floresbuckner@exostream.com",
    "phone": "+1 (918) 413-2560",
    "street": "614 Manor Court",
    "city": "Falconaire",
    "state": "Wyoming",
    "zip": 51292
  },
  {
    "firstName": "Nita",
    "lastName": "English",
    "email": "nitaenglish@exostream.com",
    "phone": "+1 (904) 439-2909",
    "street": "299 Church Avenue",
    "city": "Gardners",
    "state": "Arizona",
    "zip": 60748
  },
  {
    "firstName": "Gail",
    "lastName": "Blanchard",
    "email": "gailblanchard@exostream.com",
    "phone": "+1 (940) 559-3662",
    "street": "550 Ainslie Street",
    "city": "Fairview",
    "state": "Rhode Island",
    "zip": 30826
  },
  {
    "firstName": "Bullock",
    "lastName": "Barber",
    "email": "bullockbarber@exostream.com",
    "phone": "+1 (812) 439-3335",
    "street": "242 Wythe Place",
    "city": "Omar",
    "state": "Kansas",
    "zip": 28324
  },
  {
    "firstName": "Chandra",
    "lastName": "Burch",
    "email": "chandraburch@exostream.com",
    "phone": "+1 (926) 584-3845",
    "street": "986 Baycliff Terrace",
    "city": "Hackneyville",
    "state": "West Virginia",
    "zip": 78432
  },
  {
    "firstName": "Deirdre",
    "lastName": "Green",
    "email": "deirdregreen@exostream.com",
    "phone": "+1 (953) 539-3934",
    "street": "525 Bath Avenue",
    "city": "Ezel",
    "state": "South Dakota",
    "zip": 23470
  },
  {
    "firstName": "Dawn",
    "lastName": "Buckley",
    "email": "dawnbuckley@exostream.com",
    "phone": "+1 (884) 498-3073",
    "street": "694 Rutland Road",
    "city": "Ballico",
    "state": "North Carolina",
    "zip": 19890
  },
  {
    "firstName": "Gina",
    "lastName": "West",
    "email": "ginawest@exostream.com",
    "phone": "+1 (873) 406-3061",
    "street": "114 Ryder Street",
    "city": "Walker",
    "state": "Colorado",
    "zip": 83905
  },
  {
    "firstName": "Mclean",
    "lastName": "Macdonald",
    "email": "mcleanmacdonald@exostream.com",
    "phone": "+1 (881) 570-2931",
    "street": "823 Schenck Street",
    "city": "Emory",
    "state": "Louisiana",
    "zip": 75386
  },
  {
    "firstName": "Day",
    "lastName": "Farmer",
    "email": "dayfarmer@exostream.com",
    "phone": "+1 (915) 460-2861",
    "street": "828 Junius Street",
    "city": "Libertytown",
    "state": "Maryland",
    "zip": 97594
  },
  {
    "firstName": "Herman",
    "lastName": "Gutierrez",
    "email": "hermangutierrez@exostream.com",
    "phone": "+1 (849) 508-2339",
    "street": "376 Graham Avenue",
    "city": "Knowlton",
    "state": "South Carolina",
    "zip": 17746
  },
  {
    "firstName": "Nolan",
    "lastName": "Potter",
    "email": "nolanpotter@exostream.com",
    "phone": "+1 (825) 586-2237",
    "street": "780 Fay Court",
    "city": "Day",
    "state": "Illinois",
    "zip": 13764
  },
  {
    "firstName": "Stevens",
    "lastName": "Gray",
    "email": "stevensgray@exostream.com",
    "phone": "+1 (803) 487-3151",
    "street": "601 Dewey Place",
    "city": "Weogufka",
    "state": "Iowa",
    "zip": 73877
  },
  {
    "firstName": "Guadalupe",
    "lastName": "Washington",
    "email": "guadalupewashington@exostream.com",
    "phone": "+1 (883) 551-2661",
    "street": "931 Vermont Street",
    "city": "Allamuchy",
    "state": "Hawaii",
    "zip": 13770
  },
  {
    "firstName": "Sonia",
    "lastName": "Ortiz",
    "email": "soniaortiz@exostream.com",
    "phone": "+1 (948) 438-2840",
    "street": "324 Hall Street",
    "city": "Navarre",
    "state": "Virginia",
    "zip": 70853
  },
  {
    "firstName": "Clarissa",
    "lastName": "Manning",
    "email": "clarissamanning@exostream.com",
    "phone": "+1 (941) 440-3281",
    "street": "697 Desmond Court",
    "city": "Celeryville",
    "state": "Missouri",
    "zip": 20166
  },
  {
    "firstName": "Emma",
    "lastName": "Wallace",
    "email": "emmawallace@exostream.com",
    "phone": "+1 (995) 477-2917",
    "street": "409 Neptune Court",
    "city": "Chapin",
    "state": "California",
    "zip": 21812
  },
  {
    "firstName": "Jaclyn",
    "lastName": "Gilmore",
    "email": "jaclyngilmore@exostream.com",
    "phone": "+1 (880) 491-2208",
    "street": "845 Walker Court",
    "city": "Brecon",
    "state": "Pennsylvania",
    "zip": 76167
  },
  {
    "firstName": "Rosa",
    "lastName": "Joseph",
    "email": "rosajoseph@exostream.com",
    "phone": "+1 (938) 510-3832",
    "street": "535 Macdougal Street",
    "city": "Whitmer",
    "state": "Maine",
    "zip": 78621
  },
  {
    "firstName": "Aileen",
    "lastName": "Thornton",
    "email": "aileenthornton@exostream.com",
    "phone": "+1 (829) 436-3841",
    "street": "918 Seagate Terrace",
    "city": "Lopezo",
    "state": "Kentucky",
    "zip": 95789
  },
  {
    "firstName": "Hanson",
    "lastName": "Schultz",
    "email": "hansonschultz@exostream.com",
    "phone": "+1 (893) 440-3725",
    "street": "288 Crosby Avenue",
    "city": "Winchester",
    "state": "New York",
    "zip": 51084
  },
  {
    "firstName": "Durham",
    "lastName": "Espinoza",
    "email": "durhamespinoza@exostream.com",
    "phone": "+1 (859) 597-3256",
    "street": "530 Rodney Street",
    "city": "Esmont",
    "state": "Virgin Islands",
    "zip": 77026
  },
  {
    "firstName": "Harriet",
    "lastName": "Sims",
    "email": "harrietsims@exostream.com",
    "phone": "+1 (882) 549-2495",
    "street": "857 Banker Street",
    "city": "Crayne",
    "state": "Marshall Islands",
    "zip": 66396
  },
  {
    "firstName": "Woodward",
    "lastName": "Burris",
    "email": "woodwardburris@exostream.com",
    "phone": "+1 (878) 504-3752",
    "street": "760 McKibben Street",
    "city": "Smock",
    "state": "Indiana",
    "zip": 65677
  },
  {
    "firstName": "Buck",
    "lastName": "Merritt",
    "email": "buckmerritt@exostream.com",
    "phone": "+1 (838) 598-2635",
    "street": "874 Eagle Street",
    "city": "Greenbackville",
    "state": "Texas",
    "zip": 70198
  },
  {
    "firstName": "Ava",
    "lastName": "Flowers",
    "email": "avaflowers@exostream.com",
    "phone": "+1 (986) 548-3042",
    "street": "310 Portland Avenue",
    "city": "Grandview",
    "state": "Mississippi",
    "zip": 71046
  },
  {
    "firstName": "Kathy",
    "lastName": "Sparks",
    "email": "kathysparks@exostream.com",
    "phone": "+1 (962) 459-2264",
    "street": "507 Havemeyer Street",
    "city": "Camas",
    "state": "Ohio",
    "zip": 80393
  },
  {
    "firstName": "Emerson",
    "lastName": "Stokes",
    "email": "emersonstokes@exostream.com",
    "phone": "+1 (826) 555-3318",
    "street": "972 Dare Court",
    "city": "Seymour",
    "state": "Minnesota",
    "zip": 99559
  },
  {
    "firstName": "Roseann",
    "lastName": "Bennett",
    "email": "roseannbennett@exostream.com",
    "phone": "+1 (956) 510-2570",
    "street": "313 Lott Place",
    "city": "Sehili",
    "state": "Federated States Of Micronesia",
    "zip": 17401
  },
  {
    "firstName": "Joyce",
    "lastName": "York",
    "email": "joyceyork@exostream.com",
    "phone": "+1 (905) 522-3276",
    "street": "468 Front Street",
    "city": "Brady",
    "state": "Idaho",
    "zip": 19248
  },
  {
    "firstName": "Austin",
    "lastName": "Mcbride",
    "email": "austinmcbride@exostream.com",
    "phone": "+1 (806) 579-2054",
    "street": "839 Haring Street",
    "city": "Carrizo",
    "state": "Georgia",
    "zip": 94720
  },
  {
    "firstName": "Cathy",
    "lastName": "Wagner",
    "email": "cathywagner@exostream.com",
    "phone": "+1 (926) 509-3603",
    "street": "355 Seaview Court",
    "city": "Vivian",
    "state": "Utah",
    "zip": 99799
  },
  {
    "firstName": "Mooney",
    "lastName": "Olsen",
    "email": "mooneyolsen@exostream.com",
    "phone": "+1 (850) 470-3740",
    "street": "426 Willoughby Avenue",
    "city": "Shawmut",
    "state": "American Samoa",
    "zip": 26698
  },
  {
    "firstName": "Peters",
    "lastName": "Marks",
    "email": "petersmarks@exostream.com",
    "phone": "+1 (969) 506-3599",
    "street": "632 Cook Street",
    "city": "Santel",
    "state": "Michigan",
    "zip": 96286
  },
  {
    "firstName": "Lucia",
    "lastName": "Allen",
    "email": "luciaallen@exostream.com",
    "phone": "+1 (993) 558-3484",
    "street": "451 Albee Square",
    "city": "Odessa",
    "state": "Massachusetts",
    "zip": 78624
  },
  {
    "firstName": "Mason",
    "lastName": "Wilkinson",
    "email": "masonwilkinson@exostream.com",
    "phone": "+1 (821) 598-2861",
    "street": "196 Lacon Court",
    "city": "Martinsville",
    "state": "Florida",
    "zip": 62257
  },
  {
    "firstName": "Kaye",
    "lastName": "Burnett",
    "email": "kayeburnett@exostream.com",
    "phone": "+1 (972) 589-2201",
    "street": "637 Woodruff Avenue",
    "city": "Foxworth",
    "state": "Arkansas",
    "zip": 20327
  },
  {
    "firstName": "Donna",
    "lastName": "Adkins",
    "email": "donnaadkins@exostream.com",
    "phone": "+1 (935) 433-3423",
    "street": "151 Pioneer Street",
    "city": "Norris",
    "state": "Washington",
    "zip": 27558
  },
  {
    "firstName": "Livingston",
    "lastName": "Erickson",
    "email": "livingstonerickson@exostream.com",
    "phone": "+1 (931) 515-2549",
    "street": "741 Schenck Court",
    "city": "Mulberry",
    "state": "Montana",
    "zip": 18683
  },
  {
    "firstName": "Lois",
    "lastName": "Barrett",
    "email": "loisbarrett@exostream.com",
    "phone": "+1 (918) 401-2242",
    "street": "540 Autumn Avenue",
    "city": "Martell",
    "state": "New Mexico",
    "zip": 50848
  },
  {
    "firstName": "Tania",
    "lastName": "Hahn",
    "email": "taniahahn@exostream.com",
    "phone": "+1 (837) 459-3092",
    "street": "780 Adelphi Street",
    "city": "Ripley",
    "state": "Guam",
    "zip": 97624
  },
  {
    "firstName": "Duncan",
    "lastName": "Trevino",
    "email": "duncantrevino@exostream.com",
    "phone": "+1 (831) 517-3640",
    "street": "266 Orange Street",
    "city": "Lupton",
    "state": "District Of Columbia",
    "zip": 15906
  },
  {
    "firstName": "Soto",
    "lastName": "Herman",
    "email": "sotoherman@exostream.com",
    "phone": "+1 (904) 414-3010",
    "street": "258 Brighton Court",
    "city": "Oretta",
    "state": "Oklahoma",
    "zip": 86302
  },
  {
    "firstName": "Norton",
    "lastName": "Dunn",
    "email": "nortondunn@exostream.com",
    "phone": "+1 (986) 459-2848",
    "street": "939 Crawford Avenue",
    "city": "Baker",
    "state": "Northern Mariana Islands",
    "zip": 78157
  },
  {
    "firstName": "Henry",
    "lastName": "Ingram",
    "email": "henryingram@exostream.com",
    "phone": "+1 (891) 593-2617",
    "street": "550 Broome Street",
    "city": "Broadlands",
    "state": "Puerto Rico",
    "zip": 42021
  },
  {
    "firstName": "Sybil",
    "lastName": "Booth",
    "email": "sybilbooth@exostream.com",
    "phone": "+1 (834) 506-3559",
    "street": "938 Moore Place",
    "city": "Grimsley",
    "state": "Delaware",
    "zip": 10143
  },
  {
    "firstName": "Holt",
    "lastName": "Larson",
    "email": "holtlarson@exostream.com",
    "phone": "+1 (956) 587-3295",
    "street": "664 Kings Hwy",
    "city": "Gloucester",
    "state": "Alabama",
    "zip": 16733
  },
  {
    "firstName": "Greta",
    "lastName": "Stevens",
    "email": "gretastevens@exostream.com",
    "phone": "+1 (861) 593-3698",
    "street": "605 Williams Avenue",
    "city": "Bainbridge",
    "state": "Nebraska",
    "zip": 28562
  },
  {
    "firstName": "Cash",
    "lastName": "Jones",
    "email": "cashjones@exostream.com",
    "phone": "+1 (887) 549-3836",
    "street": "763 Crown Street",
    "city": "Crenshaw",
    "state": "Vermont",
    "zip": 99114
  },
  {
    "firstName": "Bush",
    "lastName": "Holden",
    "email": "bushholden@exostream.com",
    "phone": "+1 (995) 411-3316",
    "street": "246 River Street",
    "city": "Dunnavant",
    "state": "Oregon",
    "zip": 15613
  },
  {
    "firstName": "Charmaine",
    "lastName": "Schneider",
    "email": "charmaineschneider@exostream.com",
    "phone": "+1 (803) 430-3890",
    "street": "412 Garden Street",
    "city": "Westmoreland",
    "state": "Tennessee",
    "zip": 67392
  },
  {
    "firstName": "Lena",
    "lastName": "Rodgers",
    "email": "lenarodgers@exostream.com",
    "phone": "+1 (906) 559-3120",
    "street": "266 Cass Place",
    "city": "Rivers",
    "state": "Nevada",
    "zip": 12093
  },
  {
    "firstName": "Lauren",
    "lastName": "Garcia",
    "email": "laurengarcia@exostream.com",
    "phone": "+1 (966) 564-3857",
    "street": "865 Thomas Street",
    "city": "Bowden",
    "state": "North Dakota",
    "zip": 41882
  },
  {
    "firstName": "Louisa",
    "lastName": "Jackson",
    "email": "louisajackson@exostream.com",
    "phone": "+1 (986) 471-2001",
    "street": "925 Campus Road",
    "city": "Harleigh",
    "state": "Wisconsin",
    "zip": 95722
  },
  {
    "firstName": "Ina",
    "lastName": "Justice",
    "email": "inajustice@exostream.com",
    "phone": "+1 (832) 514-3409",
    "street": "484 Cozine Avenue",
    "city": "Lydia",
    "state": "New Jersey",
    "zip": 38980
  },
  {
    "firstName": "Ferrell",
    "lastName": "Shaffer",
    "email": "ferrellshaffer@exostream.com",
    "phone": "+1 (994) 435-2052",
    "street": "922 Downing Street",
    "city": "Comptche",
    "state": "Palau",
    "zip": 70376
  },
  {
    "firstName": "Shirley",
    "lastName": "Pace",
    "email": "shirleypace@exostream.com",
    "phone": "+1 (893) 490-2820",
    "street": "761 Lorraine Street",
    "city": "Riceville",
    "state": "Connecticut",
    "zip": 13496
  },
  {
    "firstName": "Humphrey",
    "lastName": "Hogan",
    "email": "humphreyhogan@exostream.com",
    "phone": "+1 (932) 557-3359",
    "street": "528 Danforth Street",
    "city": "Fowlerville",
    "state": "Alaska",
    "zip": 96062
  },
  {
    "firstName": "Adela",
    "lastName": "Mullen",
    "email": "adelamullen@exostream.com",
    "phone": "+1 (935) 485-3560",
    "street": "777 Celeste Court",
    "city": "Cumminsville",
    "state": "Wyoming",
    "zip": 45085
  },
  {
    "firstName": "Elena",
    "lastName": "Melendez",
    "email": "elenamelendez@exostream.com",
    "phone": "+1 (831) 417-2190",
    "street": "928 Locust Avenue",
    "city": "Belgreen",
    "state": "Arizona",
    "zip": 57708
  },
  {
    "firstName": "Beatriz",
    "lastName": "Wong",
    "email": "beatrizwong@exostream.com",
    "phone": "+1 (994) 559-3013",
    "street": "103 Vanderveer Street",
    "city": "Inkerman",
    "state": "Rhode Island",
    "zip": 49762
  },
  {
    "firstName": "Herminia",
    "lastName": "Strong",
    "email": "herminiastrong@exostream.com",
    "phone": "+1 (870) 419-3149",
    "street": "432 Laurel Avenue",
    "city": "Breinigsville",
    "state": "Kansas",
    "zip": 34800
  },
  {
    "firstName": "Howe",
    "lastName": "Ferguson",
    "email": "howeferguson@exostream.com",
    "phone": "+1 (929) 559-2174",
    "street": "256 Argyle Road",
    "city": "Terlingua",
    "state": "West Virginia",
    "zip": 41996
  },
  {
    "firstName": "Noel",
    "lastName": "Thomas",
    "email": "noelthomas@exostream.com",
    "phone": "+1 (856) 583-3811",
    "street": "446 Foster Avenue",
    "city": "Belvoir",
    "state": "South Dakota",
    "zip": 71996
  },
  {
    "firstName": "Mcknight",
    "lastName": "Roberson",
    "email": "mcknightroberson@exostream.com",
    "phone": "+1 (989) 567-3180",
    "street": "148 Wilson Street",
    "city": "Grenelefe",
    "state": "North Carolina",
    "zip": 26061
  },
  {
    "firstName": "Evans",
    "lastName": "Parsons",
    "email": "evansparsons@exostream.com",
    "phone": "+1 (850) 582-2691",
    "street": "698 Ridgewood Place",
    "city": "Katonah",
    "state": "Colorado",
    "zip": 19798
  },
  {
    "firstName": "Santiago",
    "lastName": "Jarvis",
    "email": "santiagojarvis@exostream.com",
    "phone": "+1 (932) 420-3944",
    "street": "397 Clark Street",
    "city": "Selma",
    "state": "Louisiana",
    "zip": 10354
  },
  {
    "firstName": "Roxanne",
    "lastName": "Rice",
    "email": "roxannerice@exostream.com",
    "phone": "+1 (930) 475-2878",
    "street": "837 Devoe Street",
    "city": "Roderfield",
    "state": "Maryland",
    "zip": 16021
  },
  {
    "firstName": "Ella",
    "lastName": "Holman",
    "email": "ellaholman@exostream.com",
    "phone": "+1 (900) 429-2643",
    "street": "191 Heath Place",
    "city": "Noblestown",
    "state": "South Carolina",
    "zip": 32562
  },
  {
    "firstName": "Lindsey",
    "lastName": "Byers",
    "email": "lindseybyers@exostream.com",
    "phone": "+1 (983) 501-2085",
    "street": "712 Interborough Parkway",
    "city": "Cashtown",
    "state": "Illinois",
    "zip": 54956
  },
  {
    "firstName": "Patsy",
    "lastName": "Harper",
    "email": "patsyharper@exostream.com",
    "phone": "+1 (948) 454-2194",
    "street": "227 Narrows Avenue",
    "city": "Homestead",
    "state": "Iowa",
    "zip": 48386
  },
  {
    "firstName": "Lucy",
    "lastName": "Garza",
    "email": "lucygarza@exostream.com",
    "phone": "+1 (949) 442-2579",
    "street": "502 Sharon Street",
    "city": "Yettem",
    "state": "Hawaii",
    "zip": 47666
  },
  {
    "firstName": "James",
    "lastName": "Mayer",
    "email": "jamesmayer@exostream.com",
    "phone": "+1 (804) 491-2658",
    "street": "791 Randolph Street",
    "city": "Brantleyville",
    "state": "Virginia",
    "zip": 51331
  },
  {
    "firstName": "Jan",
    "lastName": "Reed",
    "email": "janreed@exostream.com",
    "phone": "+1 (815) 570-2124",
    "street": "421 Harden Street",
    "city": "Williamson",
    "state": "Missouri",
    "zip": 69664
  },
  {
    "firstName": "Cohen",
    "lastName": "Jennings",
    "email": "cohenjennings@exostream.com",
    "phone": "+1 (995) 492-3819",
    "street": "502 Friel Place",
    "city": "Albany",
    "state": "California",
    "zip": 35217
  },
  {
    "firstName": "Bowman",
    "lastName": "Sherman",
    "email": "bowmansherman@exostream.com",
    "phone": "+1 (929) 414-3644",
    "street": "777 Lawn Court",
    "city": "Harrodsburg",
    "state": "Pennsylvania",
    "zip": 21582
  },
  {
    "firstName": "Walker",
    "lastName": "Wells",
    "email": "walkerwells@exostream.com",
    "phone": "+1 (828) 456-2355",
    "street": "932 Lott Avenue",
    "city": "Boonville",
    "state": "Maine",
    "zip": 88323
  },
  {
    "firstName": "Sadie",
    "lastName": "Sweeney",
    "email": "sadiesweeney@exostream.com",
    "phone": "+1 (961) 418-3921",
    "street": "349 Franklin Street",
    "city": "Hachita",
    "state": "Kentucky",
    "zip": 11965
  },
  {
    "firstName": "Goldie",
    "lastName": "Meyer",
    "email": "goldiemeyer@exostream.com",
    "phone": "+1 (816) 496-3452",
    "street": "944 Bancroft Place",
    "city": "Reno",
    "state": "New York",
    "zip": 36415
  },
  {
    "firstName": "Dorothea",
    "lastName": "Conner",
    "email": "dorotheaconner@exostream.com",
    "phone": "+1 (928) 475-2864",
    "street": "955 Degraw Street",
    "city": "Norvelt",
    "state": "Virgin Islands",
    "zip": 39765
  },
  {
    "firstName": "Grant",
    "lastName": "Pate",
    "email": "grantpate@exostream.com",
    "phone": "+1 (970) 543-2589",
    "street": "932 Havens Place",
    "city": "Sylvanite",
    "state": "Marshall Islands",
    "zip": 18060
  },
  {
    "firstName": "Tammie",
    "lastName": "Oneal",
    "email": "tammieoneal@exostream.com",
    "phone": "+1 (805) 568-3551",
    "street": "123 Dwight Street",
    "city": "Summertown",
    "state": "Indiana",
    "zip": 64138
  },
  {
    "firstName": "Madelyn",
    "lastName": "Saunders",
    "email": "madelynsaunders@exostream.com",
    "phone": "+1 (985) 435-3499",
    "street": "198 Grand Avenue",
    "city": "Bodega",
    "state": "Texas",
    "zip": 49780
  },
  {
    "firstName": "Sheena",
    "lastName": "Pollard",
    "email": "sheenapollard@exostream.com",
    "phone": "+1 (819) 562-2187",
    "street": "213 Quentin Road",
    "city": "Hayes",
    "state": "Mississippi",
    "zip": 41467
  },
  {
    "firstName": "Santana",
    "lastName": "Valencia",
    "email": "santanavalencia@exostream.com",
    "phone": "+1 (857) 529-3778",
    "street": "438 Beadel Street",
    "city": "Interlochen",
    "state": "Ohio",
    "zip": 80616
  },
  {
    "firstName": "Frost",
    "lastName": "Fernandez",
    "email": "frostfernandez@exostream.com",
    "phone": "+1 (893) 583-2127",
    "street": "254 Division Avenue",
    "city": "Shepardsville",
    "state": "Minnesota",
    "zip": 99627
  },
  {
    "firstName": "Barrett",
    "lastName": "Mccarthy",
    "email": "barrettmccarthy@exostream.com",
    "phone": "+1 (904) 511-2451",
    "street": "252 Dunham Place",
    "city": "Lindisfarne",
    "state": "Federated States Of Micronesia",
    "zip": 58368
  },
  {
    "firstName": "Susanne",
    "lastName": "Pierce",
    "email": "susannepierce@exostream.com",
    "phone": "+1 (960) 592-2445",
    "street": "521 Overbaugh Place",
    "city": "Kerby",
    "state": "Idaho",
    "zip": 69638
  },
  {
    "firstName": "Parks",
    "lastName": "Klein",
    "email": "parksklein@exostream.com",
    "phone": "+1 (884) 460-3787",
    "street": "766 Granite Street",
    "city": "Hebron",
    "state": "Georgia",
    "zip": 94503
  },
  {
    "firstName": "Kaitlin",
    "lastName": "Jenkins",
    "email": "kaitlinjenkins@exostream.com",
    "phone": "+1 (997) 542-3730",
    "street": "350 Nautilus Avenue",
    "city": "Tecolotito",
    "state": "Utah",
    "zip": 60036
  },
  {
    "firstName": "Battle",
    "lastName": "Valenzuela",
    "email": "battlevalenzuela@exostream.com",
    "phone": "+1 (974) 405-2258",
    "street": "266 Matthews Court",
    "city": "Chase",
    "state": "American Samoa",
    "zip": 41365
  },
  {
    "firstName": "George",
    "lastName": "Rivers",
    "email": "georgerivers@exostream.com",
    "phone": "+1 (888) 417-2078",
    "street": "272 Harrison Place",
    "city": "Calvary",
    "state": "Michigan",
    "zip": 31901
  },
  {
    "firstName": "Poole",
    "lastName": "Middleton",
    "email": "poolemiddleton@exostream.com",
    "phone": "+1 (902) 431-2766",
    "street": "458 Cox Place",
    "city": "Loveland",
    "state": "Massachusetts",
    "zip": 25790
  },
  {
    "firstName": "Angelita",
    "lastName": "Robinson",
    "email": "angelitarobinson@exostream.com",
    "phone": "+1 (864) 435-2276",
    "street": "658 Montauk Court",
    "city": "Datil",
    "state": "Florida",
    "zip": 42708
  },
  {
    "firstName": "Patti",
    "lastName": "Wiley",
    "email": "pattiwiley@exostream.com",
    "phone": "+1 (873) 582-3359",
    "street": "739 Rutherford Place",
    "city": "Wauhillau",
    "state": "Arkansas",
    "zip": 74665
  },
  {
    "firstName": "Catalina",
    "lastName": "Hines",
    "email": "catalinahines@exostream.com",
    "phone": "+1 (906) 502-2982",
    "street": "747 Vermont Court",
    "city": "Kansas",
    "state": "Washington",
    "zip": 84481
  },
  {
    "firstName": "Joan",
    "lastName": "Pena",
    "email": "joanpena@exostream.com",
    "phone": "+1 (959) 502-2896",
    "street": "284 Louis Place",
    "city": "Salix",
    "state": "Montana",
    "zip": 86082
  },
  {
    "firstName": "Caldwell",
    "lastName": "Henson",
    "email": "caldwellhenson@exostream.com",
    "phone": "+1 (841) 456-3050",
    "street": "502 Conklin Avenue",
    "city": "Russellville",
    "state": "New Mexico",
    "zip": 91702
  },
  {
    "firstName": "Kim",
    "lastName": "Brady",
    "email": "kimbrady@exostream.com",
    "phone": "+1 (999) 505-3039",
    "street": "914 Concord Street",
    "city": "Walland",
    "state": "Guam",
    "zip": 65971
  },
  {
    "firstName": "Reyna",
    "lastName": "Bray",
    "email": "reynabray@exostream.com",
    "phone": "+1 (833) 505-2529",
    "street": "804 Estate Road",
    "city": "Lowell",
    "state": "District Of Columbia",
    "zip": 47996
  },
  {
    "firstName": "Roy",
    "lastName": "Hensley",
    "email": "royhensley@exostream.com",
    "phone": "+1 (844) 480-3500",
    "street": "949 Hart Place",
    "city": "Blanco",
    "state": "Oklahoma",
    "zip": 26280
  },
  {
    "firstName": "Elnora",
    "lastName": "Knox",
    "email": "elnoraknox@exostream.com",
    "phone": "+1 (955) 487-3020",
    "street": "466 Adler Place",
    "city": "Chloride",
    "state": "Northern Mariana Islands",
    "zip": 28759
  },
  {
    "firstName": "Marlene",
    "lastName": "Mcdowell",
    "email": "marlenemcdowell@exostream.com",
    "phone": "+1 (953) 478-3185",
    "street": "936 Grafton Street",
    "city": "Saticoy",
    "state": "Puerto Rico",
    "zip": 95233
  },
  {
    "firstName": "Lana",
    "lastName": "Lott",
    "email": "lanalott@exostream.com",
    "phone": "+1 (865) 587-3230",
    "street": "175 Miller Avenue",
    "city": "Beason",
    "state": "Delaware",
    "zip": 18024
  },
  {
    "firstName": "Della",
    "lastName": "Becker",
    "email": "dellabecker@exostream.com",
    "phone": "+1 (846) 533-3365",
    "street": "274 Emerson Place",
    "city": "Stagecoach",
    "state": "Alabama",
    "zip": 56358
  },
  {
    "firstName": "Myers",
    "lastName": "Fowler",
    "email": "myersfowler@exostream.com",
    "phone": "+1 (800) 493-2075",
    "street": "282 Arlington Avenue",
    "city": "Cowiche",
    "state": "Nebraska",
    "zip": 76121
  },
  {
    "firstName": "Daisy",
    "lastName": "Tillman",
    "email": "daisytillman@exostream.com",
    "phone": "+1 (977) 542-2294",
    "street": "687 Vandalia Avenue",
    "city": "Sterling",
    "state": "Vermont",
    "zip": 37756
  },
  {
    "firstName": "Curtis",
    "lastName": "Mack",
    "email": "curtismack@exostream.com",
    "phone": "+1 (848) 488-2222",
    "street": "136 Jamaica Avenue",
    "city": "Brownsville",
    "state": "Oregon",
    "zip": 58151
  },
  {
    "firstName": "Witt",
    "lastName": "Hobbs",
    "email": "witthobbs@exostream.com",
    "phone": "+1 (882) 461-3834",
    "street": "666 Chestnut Avenue",
    "city": "Cecilia",
    "state": "Tennessee",
    "zip": 31757
  },
  {
    "firstName": "Riggs",
    "lastName": "Taylor",
    "email": "riggstaylor@exostream.com",
    "phone": "+1 (858) 455-2131",
    "street": "399 Huron Street",
    "city": "Witmer",
    "state": "Nevada",
    "zip": 96045
  },
  {
    "firstName": "Alvarado",
    "lastName": "Lane",
    "email": "alvaradolane@exostream.com",
    "phone": "+1 (903) 525-3725",
    "street": "486 Bleecker Street",
    "city": "Sabillasville",
    "state": "North Dakota",
    "zip": 70109
  },
  {
    "firstName": "Petra",
    "lastName": "Baxter",
    "email": "petrabaxter@exostream.com",
    "phone": "+1 (993) 436-3752",
    "street": "694 Prince Street",
    "city": "Richford",
    "state": "Wisconsin",
    "zip": 86684
  },
  {
    "firstName": "Finch",
    "lastName": "Heath",
    "email": "finchheath@exostream.com",
    "phone": "+1 (977) 552-3249",
    "street": "847 Montieth Street",
    "city": "Steinhatchee",
    "state": "New Jersey",
    "zip": 38721
  },
  {
    "firstName": "Saundra",
    "lastName": "Daniels",
    "email": "saundradaniels@exostream.com",
    "phone": "+1 (925) 423-3247",
    "street": "427 Brightwater Avenue",
    "city": "Craig",
    "state": "Palau",
    "zip": 40514
  },
  {
    "firstName": "Gwendolyn",
    "lastName": "Powell",
    "email": "gwendolynpowell@exostream.com",
    "phone": "+1 (964) 594-2290",
    "street": "428 Taaffe Place",
    "city": "Homeland",
    "state": "Connecticut",
    "zip": 12669
  },
  {
    "firstName": "Hilda",
    "lastName": "Poole",
    "email": "hildapoole@exostream.com",
    "phone": "+1 (806) 436-3375",
    "street": "640 Kingsway Place",
    "city": "Muir",
    "state": "Alaska",
    "zip": 73127
  },
  {
    "firstName": "Freida",
    "lastName": "Odonnell",
    "email": "freidaodonnell@exostream.com",
    "phone": "+1 (832) 475-3496",
    "street": "762 Pooles Lane",
    "city": "Cornfields",
    "state": "Wyoming",
    "zip": 27744
  },
  {
    "firstName": "Jacobson",
    "lastName": "Farley",
    "email": "jacobsonfarley@exostream.com",
    "phone": "+1 (826) 526-3404",
    "street": "155 Varick Avenue",
    "city": "Canterwood",
    "state": "Arizona",
    "zip": 90667
  },
  {
    "firstName": "Ross",
    "lastName": "Mcfarland",
    "email": "rossmcfarland@exostream.com",
    "phone": "+1 (890) 583-3969",
    "street": "870 Elm Avenue",
    "city": "Darbydale",
    "state": "Rhode Island",
    "zip": 72647
  },
  {
    "firstName": "Betty",
    "lastName": "Ballard",
    "email": "bettyballard@exostream.com",
    "phone": "+1 (941) 511-2249",
    "street": "346 Hyman Court",
    "city": "Carlton",
    "state": "Kansas",
    "zip": 86562
  },
  {
    "firstName": "Adele",
    "lastName": "Sloan",
    "email": "adelesloan@exostream.com",
    "phone": "+1 (901) 461-2299",
    "street": "647 Judge Street",
    "city": "Leland",
    "state": "West Virginia",
    "zip": 78715
  },
  {
    "firstName": "Mamie",
    "lastName": "Mayo",
    "email": "mamiemayo@exostream.com",
    "phone": "+1 (927) 419-2473",
    "street": "390 Campus Place",
    "city": "Strykersville",
    "state": "South Dakota",
    "zip": 56270
  },
  {
    "firstName": "Frankie",
    "lastName": "Rose",
    "email": "frankierose@exostream.com",
    "phone": "+1 (810) 520-3614",
    "street": "971 Croton Loop",
    "city": "Boyd",
    "state": "North Carolina",
    "zip": 99707
  },
  {
    "firstName": "Lula",
    "lastName": "Daugherty",
    "email": "luladaugherty@exostream.com",
    "phone": "+1 (921) 477-2719",
    "street": "528 Lewis Place",
    "city": "Greensburg",
    "state": "Colorado",
    "zip": 34323
  },
  {
    "firstName": "Maggie",
    "lastName": "Noel",
    "email": "maggienoel@exostream.com",
    "phone": "+1 (829) 554-2199",
    "street": "650 Poly Place",
    "city": "Jennings",
    "state": "Louisiana",
    "zip": 46629
  },
  {
    "firstName": "Ivy",
    "lastName": "Wyatt",
    "email": "ivywyatt@exostream.com",
    "phone": "+1 (825) 531-2027",
    "street": "306 Bay Avenue",
    "city": "Clara",
    "state": "Maryland",
    "zip": 65845
  },
  {
    "firstName": "Miller",
    "lastName": "Franco",
    "email": "millerfranco@exostream.com",
    "phone": "+1 (965) 521-2098",
    "street": "888 Garfield Place",
    "city": "Aguila",
    "state": "South Carolina",
    "zip": 15183
  },
  {
    "firstName": "Florence",
    "lastName": "Juarez",
    "email": "florencejuarez@exostream.com",
    "phone": "+1 (926) 534-3637",
    "street": "973 Imlay Street",
    "city": "Bellamy",
    "state": "Illinois",
    "zip": 74818
  },
  {
    "firstName": "English",
    "lastName": "Goff",
    "email": "englishgoff@exostream.com",
    "phone": "+1 (830) 415-3961",
    "street": "654 Dearborn Court",
    "city": "Kimmell",
    "state": "Iowa",
    "zip": 18888
  },
  {
    "firstName": "Perry",
    "lastName": "Horne",
    "email": "perryhorne@exostream.com",
    "phone": "+1 (841) 463-3299",
    "street": "127 Remsen Street",
    "city": "Mayfair",
    "state": "Hawaii",
    "zip": 61955
  },
  {
    "firstName": "Blair",
    "lastName": "Snow",
    "email": "blairsnow@exostream.com",
    "phone": "+1 (835) 452-3996",
    "street": "782 Newkirk Avenue",
    "city": "Trucksville",
    "state": "Virginia",
    "zip": 53639
  },
  {
    "firstName": "Vicky",
    "lastName": "Ross",
    "email": "vickyross@exostream.com",
    "phone": "+1 (955) 599-3159",
    "street": "191 Hoyt Street",
    "city": "Carrsville",
    "state": "Missouri",
    "zip": 10908
  },
  {
    "firstName": "Fanny",
    "lastName": "Vega",
    "email": "fannyvega@exostream.com",
    "phone": "+1 (876) 581-3451",
    "street": "653 Lester Court",
    "city": "Maplewood",
    "state": "California",
    "zip": 42254
  },
  {
    "firstName": "Sexton",
    "lastName": "Robbins",
    "email": "sextonrobbins@exostream.com",
    "phone": "+1 (992) 445-2259",
    "street": "756 Beach Place",
    "city": "Collins",
    "state": "Pennsylvania",
    "zip": 51925
  },
  {
    "firstName": "Mcdowell",
    "lastName": "Little",
    "email": "mcdowelllittle@exostream.com",
    "phone": "+1 (824) 558-3981",
    "street": "609 Meserole Avenue",
    "city": "Wattsville",
    "state": "Maine",
    "zip": 59765
  },
  {
    "firstName": "Earlene",
    "lastName": "Porter",
    "email": "earleneporter@exostream.com",
    "phone": "+1 (864) 404-2725",
    "street": "755 Harway Avenue",
    "city": "Richville",
    "state": "Kentucky",
    "zip": 35321
  },
  {
    "firstName": "Abigail",
    "lastName": "Cook",
    "email": "abigailcook@exostream.com",
    "phone": "+1 (879) 509-3678",
    "street": "572 Abbey Court",
    "city": "Thatcher",
    "state": "New York",
    "zip": 18324
  },
  {
    "firstName": "Carly",
    "lastName": "Johnson",
    "email": "carlyjohnson@exostream.com",
    "phone": "+1 (969) 586-3885",
    "street": "588 Anchorage Place",
    "city": "Trexlertown",
    "state": "Virgin Islands",
    "zip": 31761
  },
  {
    "firstName": "Marsh",
    "lastName": "Whitney",
    "email": "marshwhitney@exostream.com",
    "phone": "+1 (932) 438-2704",
    "street": "613 Claver Place",
    "city": "Advance",
    "state": "Marshall Islands",
    "zip": 47100
  },
  {
    "firstName": "Paul",
    "lastName": "Frye",
    "email": "paulfrye@exostream.com",
    "phone": "+1 (976) 427-3858",
    "street": "475 Langham Street",
    "city": "Hendersonville",
    "state": "Indiana",
    "zip": 82423
  },
  {
    "firstName": "Tricia",
    "lastName": "Carson",
    "email": "triciacarson@exostream.com",
    "phone": "+1 (852) 577-2672",
    "street": "119 Herzl Street",
    "city": "Shelby",
    "state": "Texas",
    "zip": 56896
  },
  {
    "firstName": "Griffith",
    "lastName": "Garner",
    "email": "griffithgarner@exostream.com",
    "phone": "+1 (950) 456-2926",
    "street": "800 Fountain Avenue",
    "city": "Allison",
    "state": "Mississippi",
    "zip": 10540
  },
  {
    "firstName": "Sandra",
    "lastName": "Simmons",
    "email": "sandrasimmons@exostream.com",
    "phone": "+1 (923) 540-3305",
    "street": "792 Fairview Place",
    "city": "Townsend",
    "state": "Ohio",
    "zip": 14906
  },
  {
    "firstName": "Magdalena",
    "lastName": "Stanton",
    "email": "magdalenastanton@exostream.com",
    "phone": "+1 (992) 573-2851",
    "street": "622 Independence Avenue",
    "city": "Osmond",
    "state": "Minnesota",
    "zip": 95476
  },
  {
    "firstName": "Ayers",
    "lastName": "Conrad",
    "email": "ayersconrad@exostream.com",
    "phone": "+1 (827) 487-3813",
    "street": "924 Terrace Place",
    "city": "Mapletown",
    "state": "Federated States Of Micronesia",
    "zip": 29634
  },
  {
    "firstName": "Beatrice",
    "lastName": "Simon",
    "email": "beatricesimon@exostream.com",
    "phone": "+1 (850) 523-3377",
    "street": "135 Grand Street",
    "city": "Fostoria",
    "state": "Idaho",
    "zip": 90689
  },
  {
    "firstName": "Erica",
    "lastName": "Ayers",
    "email": "ericaayers@exostream.com",
    "phone": "+1 (830) 514-2320",
    "street": "559 Duryea Court",
    "city": "Statenville",
    "state": "Georgia",
    "zip": 38812
  },
  {
    "firstName": "Dixie",
    "lastName": "Valentine",
    "email": "dixievalentine@exostream.com",
    "phone": "+1 (871) 567-3393",
    "street": "361 Herkimer Court",
    "city": "Bladensburg",
    "state": "Utah",
    "zip": 12015
  },
  {
    "firstName": "Pittman",
    "lastName": "Love",
    "email": "pittmanlove@exostream.com",
    "phone": "+1 (857) 485-2442",
    "street": "465 Ovington Avenue",
    "city": "Hannasville",
    "state": "American Samoa",
    "zip": 87570
  },
  {
    "firstName": "Kay",
    "lastName": "Graves",
    "email": "kaygraves@exostream.com",
    "phone": "+1 (904) 479-2365",
    "street": "838 Macon Street",
    "city": "Dragoon",
    "state": "Michigan",
    "zip": 70389
  },
  {
    "firstName": "Anna",
    "lastName": "Mccullough",
    "email": "annamccullough@exostream.com",
    "phone": "+1 (816) 586-3787",
    "street": "865 Hemlock Street",
    "city": "Cavalero",
    "state": "Massachusetts",
    "zip": 90332
  },
  {
    "firstName": "Rivers",
    "lastName": "Bryant",
    "email": "riversbryant@exostream.com",
    "phone": "+1 (957) 581-3200",
    "street": "591 Grove Place",
    "city": "Nanafalia",
    "state": "Florida",
    "zip": 93399
  },
  {
    "firstName": "Alba",
    "lastName": "William",
    "email": "albawilliam@exostream.com",
    "phone": "+1 (880) 421-2690",
    "street": "768 Rutledge Street",
    "city": "Farmers",
    "state": "Arkansas",
    "zip": 13053
  },
  {
    "firstName": "Leonor",
    "lastName": "Mcmahon",
    "email": "leonormcmahon@exostream.com",
    "phone": "+1 (865) 409-3257",
    "street": "619 Newel Street",
    "city": "Umapine",
    "state": "Washington",
    "zip": 41033
  },
  {
    "firstName": "Barlow",
    "lastName": "Hopper",
    "email": "barlowhopper@exostream.com",
    "phone": "+1 (894) 439-2598",
    "street": "176 Cooke Court",
    "city": "Vaughn",
    "state": "Montana",
    "zip": 45097
  },
  {
    "firstName": "Jensen",
    "lastName": "Clay",
    "email": "jensenclay@exostream.com",
    "phone": "+1 (813) 578-3178",
    "street": "219 Conselyea Street",
    "city": "Stollings",
    "state": "New Mexico",
    "zip": 23018
  },
  {
    "firstName": "Riddle",
    "lastName": "Santana",
    "email": "riddlesantana@exostream.com",
    "phone": "+1 (864) 427-2521",
    "street": "997 India Street",
    "city": "Bourg",
    "state": "Guam",
    "zip": 99882
  },
  {
    "firstName": "Kelsey",
    "lastName": "Bender",
    "email": "kelseybender@exostream.com",
    "phone": "+1 (841) 514-2458",
    "street": "758 Roebling Street",
    "city": "Wawona",
    "state": "District Of Columbia",
    "zip": 30458
  },
  {
    "firstName": "Nelda",
    "lastName": "Barlow",
    "email": "neldabarlow@exostream.com",
    "phone": "+1 (887) 487-3758",
    "street": "969 Heyward Street",
    "city": "Volta",
    "state": "Oklahoma",
    "zip": 69664
  },
  {
    "firstName": "Cathryn",
    "lastName": "Howe",
    "email": "cathrynhowe@exostream.com",
    "phone": "+1 (931) 580-2467",
    "street": "771 Hegeman Avenue",
    "city": "Bethany",
    "state": "Northern Mariana Islands",
    "zip": 36016
  },
  {
    "firstName": "Milagros",
    "lastName": "Sheppard",
    "email": "milagrossheppard@exostream.com",
    "phone": "+1 (900) 545-3256",
    "street": "167 Dewitt Avenue",
    "city": "Gorham",
    "state": "Puerto Rico",
    "zip": 89359
  },
  {
    "firstName": "Ramirez",
    "lastName": "Moore",
    "email": "ramirezmoore@exostream.com",
    "phone": "+1 (897) 401-2006",
    "street": "682 Hutchinson Court",
    "city": "Gadsden",
    "state": "Delaware",
    "zip": 36958
  },
  {
    "firstName": "Fay",
    "lastName": "Navarro",
    "email": "faynavarro@exostream.com",
    "phone": "+1 (809) 405-3853",
    "street": "978 Nevins Street",
    "city": "Jackpot",
    "state": "Alabama",
    "zip": 17573
  },
  {
    "firstName": "Kathrine",
    "lastName": "White",
    "email": "kathrinewhite@exostream.com",
    "phone": "+1 (900) 583-2267",
    "street": "860 Balfour Place",
    "city": "Sunriver",
    "state": "Nebraska",
    "zip": 92368
  },
  {
    "firstName": "Aurelia",
    "lastName": "Sutton",
    "email": "aureliasutton@exostream.com",
    "phone": "+1 (989) 439-2271",
    "street": "370 Greenwood Avenue",
    "city": "Tampico",
    "state": "Vermont",
    "zip": 30142
  },
  {
    "firstName": "Benjamin",
    "lastName": "Leonard",
    "email": "benjaminleonard@exostream.com",
    "phone": "+1 (984) 576-3843",
    "street": "974 Meserole Street",
    "city": "Marbury",
    "state": "Oregon",
    "zip": 38319
  },
  {
    "firstName": "Jenny",
    "lastName": "Carver",
    "email": "jennycarver@exostream.com",
    "phone": "+1 (975) 571-3944",
    "street": "728 Cypress Avenue",
    "city": "Chelsea",
    "state": "Tennessee",
    "zip": 84390
  },
  {
    "firstName": "Melba",
    "lastName": "Estrada",
    "email": "melbaestrada@exostream.com",
    "phone": "+1 (852) 493-3235",
    "street": "567 Monument Walk",
    "city": "Bluffview",
    "state": "Nevada",
    "zip": 31962
  },
  {
    "firstName": "Misty",
    "lastName": "Mckay",
    "email": "mistymckay@exostream.com",
    "phone": "+1 (980) 453-3378",
    "street": "777 Beverly Road",
    "city": "Felt",
    "state": "North Dakota",
    "zip": 40024
  },
  {
    "firstName": "Antoinette",
    "lastName": "Ferrell",
    "email": "antoinetteferrell@exostream.com",
    "phone": "+1 (901) 553-3103",
    "street": "856 Quentin Street",
    "city": "Bluetown",
    "state": "Wisconsin",
    "zip": 69922
  },
  {
    "firstName": "Lloyd",
    "lastName": "Schwartz",
    "email": "lloydschwartz@exostream.com",
    "phone": "+1 (902) 416-3961",
    "street": "221 Wakeman Place",
    "city": "Cedarville",
    "state": "New Jersey",
    "zip": 32552
  },
  {
    "firstName": "Joyce",
    "lastName": "Ray",
    "email": "joyceray@exostream.com",
    "phone": "+1 (912) 425-2679",
    "street": "772 Norwood Avenue",
    "city": "Vernon",
    "state": "Palau",
    "zip": 99981
  },
  {
    "firstName": "Webb",
    "lastName": "Nelson",
    "email": "webbnelson@exostream.com",
    "phone": "+1 (955) 558-2805",
    "street": "900 Diamond Street",
    "city": "Outlook",
    "state": "Connecticut",
    "zip": 33154
  },
  {
    "firstName": "Marshall",
    "lastName": "Sykes",
    "email": "marshallsykes@exostream.com",
    "phone": "+1 (812) 426-3726",
    "street": "148 Canarsie Road",
    "city": "Durham",
    "state": "Alaska",
    "zip": 27481
  },
  {
    "firstName": "Burns",
    "lastName": "Riggs",
    "email": "burnsriggs@exostream.com",
    "phone": "+1 (987) 511-2490",
    "street": "104 Montauk Avenue",
    "city": "Edmund",
    "state": "Wyoming",
    "zip": 76973
  },
  {
    "firstName": "Ellen",
    "lastName": "Sellers",
    "email": "ellensellers@exostream.com",
    "phone": "+1 (848) 481-2657",
    "street": "533 Frank Court",
    "city": "Blackgum",
    "state": "Arizona",
    "zip": 30568
  },
  {
    "firstName": "Lou",
    "lastName": "Dejesus",
    "email": "loudejesus@exostream.com",
    "phone": "+1 (955) 501-2912",
    "street": "394 Ashland Place",
    "city": "Westphalia",
    "state": "Rhode Island",
    "zip": 57488
  },
  {
    "firstName": "Ramona",
    "lastName": "Kim",
    "email": "ramonakim@exostream.com",
    "phone": "+1 (995) 552-3705",
    "street": "518 Whitney Avenue",
    "city": "Sunbury",
    "state": "Kansas",
    "zip": 16201
  },
  {
    "firstName": "Casandra",
    "lastName": "Wooten",
    "email": "casandrawooten@exostream.com",
    "phone": "+1 (887) 453-2365",
    "street": "938 Schermerhorn Street",
    "city": "Carlos",
    "state": "West Virginia",
    "zip": 47036
  },
  {
    "firstName": "Clarice",
    "lastName": "Rojas",
    "email": "claricerojas@exostream.com",
    "phone": "+1 (989) 520-3350",
    "street": "576 Bassett Avenue",
    "city": "Romeville",
    "state": "South Dakota",
    "zip": 30684
  },
  {
    "firstName": "April",
    "lastName": "Mcgee",
    "email": "aprilmcgee@exostream.com",
    "phone": "+1 (849) 560-3328",
    "street": "341 Wogan Terrace",
    "city": "Century",
    "state": "North Carolina",
    "zip": 65160
  },
  {
    "firstName": "Jody",
    "lastName": "Cobb",
    "email": "jodycobb@exostream.com",
    "phone": "+1 (850) 401-2653",
    "street": "956 Rose Street",
    "city": "Windsor",
    "state": "Colorado",
    "zip": 19448
  },
  {
    "firstName": "Summer",
    "lastName": "Ford",
    "email": "summerford@exostream.com",
    "phone": "+1 (991) 553-3651",
    "street": "884 Ocean Parkway",
    "city": "Linwood",
    "state": "Louisiana",
    "zip": 63535
  },
  {
    "firstName": "Lynn",
    "lastName": "Benson",
    "email": "lynnbenson@exostream.com",
    "phone": "+1 (905) 469-2353",
    "street": "963 Sutton Street",
    "city": "Freeburn",
    "state": "Maryland",
    "zip": 81150
  },
  {
    "firstName": "Montgomery",
    "lastName": "Leach",
    "email": "montgomeryleach@exostream.com",
    "phone": "+1 (898) 463-2450",
    "street": "616 Lake Place",
    "city": "Emison",
    "state": "South Carolina",
    "zip": 12894
  },
  {
    "firstName": "Cristina",
    "lastName": "Hyde",
    "email": "cristinahyde@exostream.com",
    "phone": "+1 (827) 450-3662",
    "street": "549 Madeline Court",
    "city": "Nile",
    "state": "Illinois",
    "zip": 74965
  },
  {
    "firstName": "Patrick",
    "lastName": "Roth",
    "email": "patrickroth@exostream.com",
    "phone": "+1 (872) 437-2051",
    "street": "807 Adams Street",
    "city": "Stevens",
    "state": "Iowa",
    "zip": 95719
  },
  {
    "firstName": "Amanda",
    "lastName": "Stevenson",
    "email": "amandastevenson@exostream.com",
    "phone": "+1 (824) 569-3564",
    "street": "526 Bayview Avenue",
    "city": "Savannah",
    "state": "Hawaii",
    "zip": 67484
  },
  {
    "firstName": "Aurora",
    "lastName": "Bernard",
    "email": "aurorabernard@exostream.com",
    "phone": "+1 (832) 580-3730",
    "street": "511 Fair Street",
    "city": "Bergoo",
    "state": "Virginia",
    "zip": 85894
  },
  {
    "firstName": "Katharine",
    "lastName": "Mcleod",
    "email": "katharinemcleod@exostream.com",
    "phone": "+1 (923) 424-3840",
    "street": "671 Lawrence Street",
    "city": "Wacissa",
    "state": "Missouri",
    "zip": 24964
  },
  {
    "firstName": "Cochran",
    "lastName": "Shepherd",
    "email": "cochranshepherd@exostream.com",
    "phone": "+1 (991) 521-2127",
    "street": "220 Riverdale Avenue",
    "city": "Hollins",
    "state": "California",
    "zip": 95379
  },
  {
    "firstName": "Lupe",
    "lastName": "Peters",
    "email": "lupepeters@exostream.com",
    "phone": "+1 (803) 467-2850",
    "street": "556 Veranda Place",
    "city": "Kapowsin",
    "state": "Pennsylvania",
    "zip": 44028
  },
  {
    "firstName": "Schultz",
    "lastName": "Campbell",
    "email": "schultzcampbell@exostream.com",
    "phone": "+1 (981) 403-3278",
    "street": "798 Jackson Place",
    "city": "Enlow",
    "state": "Maine",
    "zip": 35588
  },
  {
    "firstName": "Tami",
    "lastName": "Rowe",
    "email": "tamirowe@exostream.com",
    "phone": "+1 (813) 434-3399",
    "street": "277 Cooper Street",
    "city": "Guilford",
    "state": "Kentucky",
    "zip": 35303
  },
  {
    "firstName": "Mccarty",
    "lastName": "Harrington",
    "email": "mccartyharrington@exostream.com",
    "phone": "+1 (811) 583-3808",
    "street": "216 Tompkins Place",
    "city": "Bonanza",
    "state": "New York",
    "zip": 81296
  },
  {
    "firstName": "Lester",
    "lastName": "Dale",
    "email": "lesterdale@exostream.com",
    "phone": "+1 (866) 537-3175",
    "street": "519 Williams Place",
    "city": "Chesterfield",
    "state": "Virgin Islands",
    "zip": 81547
  },
  {
    "firstName": "Slater",
    "lastName": "Chambers",
    "email": "slaterchambers@exostream.com",
    "phone": "+1 (964) 427-3626",
    "street": "614 Cumberland Walk",
    "city": "Rockbridge",
    "state": "Marshall Islands",
    "zip": 11703
  },
  {
    "firstName": "Guthrie",
    "lastName": "Browning",
    "email": "guthriebrowning@exostream.com",
    "phone": "+1 (943) 515-2897",
    "street": "213 Hunterfly Place",
    "city": "Cataract",
    "state": "Indiana",
    "zip": 53328
  },
  {
    "firstName": "Addie",
    "lastName": "Ramos",
    "email": "addieramos@exostream.com",
    "phone": "+1 (908) 506-2047",
    "street": "472 Howard Avenue",
    "city": "Holtville",
    "state": "Texas",
    "zip": 31207
  },
  {
    "firstName": "Macdonald",
    "lastName": "Oliver",
    "email": "macdonaldoliver@exostream.com",
    "phone": "+1 (805) 597-3107",
    "street": "926 Delmonico Place",
    "city": "Wakulla",
    "state": "Mississippi",
    "zip": 48485
  },
  {
    "firstName": "Mayo",
    "lastName": "Oneil",
    "email": "mayooneil@exostream.com",
    "phone": "+1 (918) 576-3194",
    "street": "379 Beard Street",
    "city": "Rosine",
    "state": "Ohio",
    "zip": 95511
  },
  {
    "firstName": "Hyde",
    "lastName": "Nunez",
    "email": "hydenunez@exostream.com",
    "phone": "+1 (882) 422-2579",
    "street": "946 Troy Avenue",
    "city": "Clay",
    "state": "Minnesota",
    "zip": 19101
  },
  {
    "firstName": "Newton",
    "lastName": "Nicholson",
    "email": "newtonnicholson@exostream.com",
    "phone": "+1 (937) 469-3254",
    "street": "547 Applegate Court",
    "city": "Makena",
    "state": "Federated States Of Micronesia",
    "zip": 85362
  },
  {
    "firstName": "Virgie",
    "lastName": "Hewitt",
    "email": "virgiehewitt@exostream.com",
    "phone": "+1 (847) 580-3253",
    "street": "954 Opal Court",
    "city": "Wanamie",
    "state": "Idaho",
    "zip": 90813
  },
  {
    "firstName": "Bond",
    "lastName": "Mcpherson",
    "email": "bondmcpherson@exostream.com",
    "phone": "+1 (802) 485-3867",
    "street": "707 Myrtle Avenue",
    "city": "Nord",
    "state": "Georgia",
    "zip": 52611
  },
  {
    "firstName": "Horn",
    "lastName": "Cervantes",
    "email": "horncervantes@exostream.com",
    "phone": "+1 (911) 460-2003",
    "street": "701 Dekalb Avenue",
    "city": "Winfred",
    "state": "Utah",
    "zip": 57762
  },
  {
    "firstName": "Jamie",
    "lastName": "Alston",
    "email": "jamiealston@exostream.com",
    "phone": "+1 (900) 414-3055",
    "street": "413 Frost Street",
    "city": "Brethren",
    "state": "American Samoa",
    "zip": 90346
  },
  {
    "firstName": "Garza",
    "lastName": "Roy",
    "email": "garzaroy@exostream.com",
    "phone": "+1 (902) 488-2907",
    "street": "160 Kent Street",
    "city": "Conestoga",
    "state": "Michigan",
    "zip": 39846
  },
  {
    "firstName": "Bridgette",
    "lastName": "Bishop",
    "email": "bridgettebishop@exostream.com",
    "phone": "+1 (850) 545-3415",
    "street": "484 Indiana Place",
    "city": "Hailesboro",
    "state": "Massachusetts",
    "zip": 93740
  },
  {
    "firstName": "Jeannine",
    "lastName": "Blair",
    "email": "jeannineblair@exostream.com",
    "phone": "+1 (971) 467-2065",
    "street": "662 Mill Road",
    "city": "Eagletown",
    "state": "Florida",
    "zip": 38913
  },
  {
    "firstName": "Kerr",
    "lastName": "Jefferson",
    "email": "kerrjefferson@exostream.com",
    "phone": "+1 (911) 450-3987",
    "street": "536 Krier Place",
    "city": "Chalfant",
    "state": "Arkansas",
    "zip": 71009
  },
  {
    "firstName": "Banks",
    "lastName": "Donovan",
    "email": "banksdonovan@exostream.com",
    "phone": "+1 (916) 416-3985",
    "street": "929 Dikeman Street",
    "city": "Bloomington",
    "state": "Washington",
    "zip": 12181
  },
  {
    "firstName": "Frank",
    "lastName": "Cardenas",
    "email": "frankcardenas@exostream.com",
    "phone": "+1 (841) 536-3590",
    "street": "334 Schroeders Avenue",
    "city": "Grantville",
    "state": "Montana",
    "zip": 63692
  },
  {
    "firstName": "Renee",
    "lastName": "Pittman",
    "email": "reneepittman@exostream.com",
    "phone": "+1 (987) 421-2214",
    "street": "754 Madoc Avenue",
    "city": "Coinjock",
    "state": "New Mexico",
    "zip": 54146
  },
  {
    "firstName": "Eliza",
    "lastName": "Burks",
    "email": "elizaburks@exostream.com",
    "phone": "+1 (842) 523-2242",
    "street": "609 Portal Street",
    "city": "Drummond",
    "state": "Guam",
    "zip": 21129
  },
  {
    "firstName": "Bryant",
    "lastName": "Hendricks",
    "email": "bryanthendricks@exostream.com",
    "phone": "+1 (970) 571-3883",
    "street": "156 Thatford Avenue",
    "city": "Edneyville",
    "state": "District Of Columbia",
    "zip": 16932
  },
  {
    "firstName": "Camille",
    "lastName": "Lawrence",
    "email": "camillelawrence@exostream.com",
    "phone": "+1 (924) 420-3110",
    "street": "797 Hinsdale Street",
    "city": "Loretto",
    "state": "Oklahoma",
    "zip": 59345
  },
  {
    "firstName": "Kris",
    "lastName": "Chang",
    "email": "krischang@exostream.com",
    "phone": "+1 (921) 492-2290",
    "street": "343 Radde Place",
    "city": "Aurora",
    "state": "Northern Mariana Islands",
    "zip": 45569
  },
  {
    "firstName": "Barry",
    "lastName": "Chavez",
    "email": "barrychavez@exostream.com",
    "phone": "+1 (981) 595-2570",
    "street": "215 Woodpoint Road",
    "city": "Fairlee",
    "state": "Puerto Rico",
    "zip": 54806
  },
  {
    "firstName": "Graciela",
    "lastName": "Martin",
    "email": "gracielamartin@exostream.com",
    "phone": "+1 (979) 451-3639",
    "street": "517 Manhattan Court",
    "city": "Washington",
    "state": "Delaware",
    "zip": 30713
  },
  {
    "firstName": "Jimenez",
    "lastName": "Michael",
    "email": "jimenezmichael@exostream.com",
    "phone": "+1 (889) 584-2272",
    "street": "170 Homecrest Avenue",
    "city": "Reinerton",
    "state": "Alabama",
    "zip": 85216
  },
  {
    "firstName": "Donaldson",
    "lastName": "Byrd",
    "email": "donaldsonbyrd@exostream.com",
    "phone": "+1 (881) 534-3784",
    "street": "977 Cobek Court",
    "city": "Richmond",
    "state": "Nebraska",
    "zip": 25705
  },
  {
    "firstName": "Knight",
    "lastName": "Rios",
    "email": "knightrios@exostream.com",
    "phone": "+1 (954) 492-3944",
    "street": "688 Underhill Avenue",
    "city": "Gibbsville",
    "state": "Vermont",
    "zip": 52049
  },
  {
    "firstName": "Janie",
    "lastName": "Key",
    "email": "janiekey@exostream.com",
    "phone": "+1 (965) 449-3521",
    "street": "444 Farragut Place",
    "city": "Siglerville",
    "state": "Oregon",
    "zip": 81458
  },
  {
    "firstName": "Kennedy",
    "lastName": "Phelps",
    "email": "kennedyphelps@exostream.com",
    "phone": "+1 (961) 564-2961",
    "street": "943 Lee Avenue",
    "city": "Curtice",
    "state": "Tennessee",
    "zip": 45154
  },
  {
    "firstName": "Bobbie",
    "lastName": "Skinner",
    "email": "bobbieskinner@exostream.com",
    "phone": "+1 (816) 560-2974",
    "street": "536 Dahl Court",
    "city": "Kirk",
    "state": "Nevada",
    "zip": 99601
  },
  {
    "firstName": "Kenya",
    "lastName": "Gillespie",
    "email": "kenyagillespie@exostream.com",
    "phone": "+1 (866) 475-2067",
    "street": "969 Carlton Avenue",
    "city": "Southview",
    "state": "North Dakota",
    "zip": 67262
  },
  {
    "firstName": "Snow",
    "lastName": "Barr",
    "email": "snowbarr@exostream.com",
    "phone": "+1 (839) 587-3618",
    "street": "894 Carroll Street",
    "city": "Glasgow",
    "state": "Wisconsin",
    "zip": 85304
  },
  {
    "firstName": "Maxine",
    "lastName": "Christensen",
    "email": "maxinechristensen@exostream.com",
    "phone": "+1 (832) 500-3969",
    "street": "862 Colonial Court",
    "city": "Thornport",
    "state": "New Jersey",
    "zip": 23603
  },
  {
    "firstName": "Jackson",
    "lastName": "Norris",
    "email": "jacksonnorris@exostream.com",
    "phone": "+1 (885) 402-3303",
    "street": "437 Schenck Place",
    "city": "Wright",
    "state": "Palau",
    "zip": 55755
  },
  {
    "firstName": "Lilly",
    "lastName": "Nielsen",
    "email": "lillynielsen@exostream.com",
    "phone": "+1 (977) 545-3568",
    "street": "978 Trucklemans Lane",
    "city": "Enetai",
    "state": "Connecticut",
    "zip": 79932
  },
  {
    "firstName": "Shelley",
    "lastName": "Gentry",
    "email": "shelleygentry@exostream.com",
    "phone": "+1 (841) 526-2665",
    "street": "662 Schenectady Avenue",
    "city": "Troy",
    "state": "Alaska",
    "zip": 83773
  },
  {
    "firstName": "Haley",
    "lastName": "Kirk",
    "email": "haleykirk@exostream.com",
    "phone": "+1 (993) 528-2287",
    "street": "651 Atkins Avenue",
    "city": "Sandston",
    "state": "Wyoming",
    "zip": 40913
  },
  {
    "firstName": "Conner",
    "lastName": "Colon",
    "email": "connercolon@exostream.com",
    "phone": "+1 (832) 533-2302",
    "street": "650 McKibbin Street",
    "city": "Carbonville",
    "state": "Arizona",
    "zip": 97512
  },
  {
    "firstName": "Jaime",
    "lastName": "Fields",
    "email": "jaimefields@exostream.com",
    "phone": "+1 (993) 473-3280",
    "street": "933 Chester Avenue",
    "city": "Stouchsburg",
    "state": "Rhode Island",
    "zip": 71108
  },
  {
    "firstName": "Michael",
    "lastName": "Owens",
    "email": "michaelowens@exostream.com",
    "phone": "+1 (822) 558-3112",
    "street": "500 Hornell Loop",
    "city": "Sattley",
    "state": "Kansas",
    "zip": 78526
  },
  {
    "firstName": "Duran",
    "lastName": "Stephens",
    "email": "duranstephens@exostream.com",
    "phone": "+1 (928) 578-3825",
    "street": "824 Arkansas Drive",
    "city": "Wanship",
    "state": "West Virginia",
    "zip": 55216
  },
  {
    "firstName": "Barnett",
    "lastName": "Osborn",
    "email": "barnettosborn@exostream.com",
    "phone": "+1 (806) 436-2873",
    "street": "976 Bartlett Street",
    "city": "Smeltertown",
    "state": "South Dakota",
    "zip": 41669
  },
  {
    "firstName": "Flora",
    "lastName": "Conley",
    "email": "floraconley@exostream.com",
    "phone": "+1 (989) 476-2904",
    "street": "643 Caton Place",
    "city": "Snyderville",
    "state": "North Carolina",
    "zip": 98742
  },
  {
    "firstName": "Jodie",
    "lastName": "Palmer",
    "email": "jodiepalmer@exostream.com",
    "phone": "+1 (838) 548-2862",
    "street": "486 Oceanview Avenue",
    "city": "Dubois",
    "state": "Colorado",
    "zip": 87321
  },
  {
    "firstName": "Hale",
    "lastName": "Donaldson",
    "email": "haledonaldson@exostream.com",
    "phone": "+1 (975) 587-2992",
    "street": "658 Milton Street",
    "city": "Berwind",
    "state": "Louisiana",
    "zip": 72533
  },
  {
    "firstName": "Sherry",
    "lastName": "Mcdaniel",
    "email": "sherrymcdaniel@exostream.com",
    "phone": "+1 (982) 537-2773",
    "street": "706 Boardwalk ",
    "city": "Lithium",
    "state": "Maryland",
    "zip": 62077
  },
  {
    "firstName": "Chen",
    "lastName": "Kaufman",
    "email": "chenkaufman@exostream.com",
    "phone": "+1 (874) 538-3195",
    "street": "228 Stryker Street",
    "city": "Verdi",
    "state": "South Carolina",
    "zip": 35738
  },
  {
    "firstName": "Carlene",
    "lastName": "Weeks",
    "email": "carleneweeks@exostream.com",
    "phone": "+1 (815) 558-2738",
    "street": "679 Sutter Avenue",
    "city": "Delwood",
    "state": "Illinois",
    "zip": 68636
  },
  {
    "firstName": "Silva",
    "lastName": "Lopez",
    "email": "silvalopez@exostream.com",
    "phone": "+1 (864) 424-2905",
    "street": "410 Elliott Walk",
    "city": "Graball",
    "state": "Iowa",
    "zip": 46136
  },
  {
    "firstName": "Woodard",
    "lastName": "Munoz",
    "email": "woodardmunoz@exostream.com",
    "phone": "+1 (875) 418-2176",
    "street": "548 Kay Court",
    "city": "Alleghenyville",
    "state": "Hawaii",
    "zip": 70758
  },
  {
    "firstName": "Rae",
    "lastName": "Obrien",
    "email": "raeobrien@exostream.com",
    "phone": "+1 (895) 442-2730",
    "street": "322 Furman Street",
    "city": "Boling",
    "state": "Virginia",
    "zip": 99027
  },
  {
    "firstName": "Strong",
    "lastName": "Horn",
    "email": "stronghorn@exostream.com",
    "phone": "+1 (881) 593-3002",
    "street": "788 Bedell Lane",
    "city": "Harviell",
    "state": "Missouri",
    "zip": 74438
  },
  {
    "firstName": "Watts",
    "lastName": "Clements",
    "email": "wattsclements@exostream.com",
    "phone": "+1 (874) 430-3236",
    "street": "904 Ingraham Street",
    "city": "Topanga",
    "state": "California",
    "zip": 89937
  },
  {
    "firstName": "Becky",
    "lastName": "Bullock",
    "email": "beckybullock@exostream.com",
    "phone": "+1 (846) 413-2342",
    "street": "688 Bergen Court",
    "city": "Finzel",
    "state": "Pennsylvania",
    "zip": 87649
  },
  {
    "firstName": "Coleman",
    "lastName": "Gaines",
    "email": "colemangaines@exostream.com",
    "phone": "+1 (834) 509-3602",
    "street": "269 Metrotech Courtr",
    "city": "Coloma",
    "state": "Maine",
    "zip": 82702
  },
  {
    "firstName": "Mclaughlin",
    "lastName": "Silva",
    "email": "mclaughlinsilva@exostream.com",
    "phone": "+1 (973) 561-3625",
    "street": "473 Ash Street",
    "city": "Soham",
    "state": "Kentucky",
    "zip": 71500
  },
  {
    "firstName": "Tommie",
    "lastName": "Mitchell",
    "email": "tommiemitchell@exostream.com",
    "phone": "+1 (890) 558-2324",
    "street": "438 Chester Court",
    "city": "Holcombe",
    "state": "New York",
    "zip": 75966
  },
  {
    "firstName": "Klein",
    "lastName": "Tanner",
    "email": "kleintanner@exostream.com",
    "phone": "+1 (811) 547-3694",
    "street": "206 Monroe Street",
    "city": "Summerfield",
    "state": "Virgin Islands",
    "zip": 98607
  },
  {
    "firstName": "Barr",
    "lastName": "Mcintyre",
    "email": "barrmcintyre@exostream.com",
    "phone": "+1 (958) 494-2014",
    "street": "249 Prospect Avenue",
    "city": "Why",
    "state": "Marshall Islands",
    "zip": 46240
  },
  {
    "firstName": "Nellie",
    "lastName": "Guzman",
    "email": "nellieguzman@exostream.com",
    "phone": "+1 (982) 539-3218",
    "street": "934 Gotham Avenue",
    "city": "Clinton",
    "state": "Indiana",
    "zip": 89551
  },
  {
    "firstName": "Harrington",
    "lastName": "Hayden",
    "email": "harringtonhayden@exostream.com",
    "phone": "+1 (913) 519-3901",
    "street": "762 Elmwood Avenue",
    "city": "Stockwell",
    "state": "Texas",
    "zip": 70845
  },
  {
    "firstName": "Casey",
    "lastName": "Marquez",
    "email": "caseymarquez@exostream.com",
    "phone": "+1 (983) 419-2529",
    "street": "538 Woodside Avenue",
    "city": "Elwood",
    "state": "Mississippi",
    "zip": 32002
  },
  {
    "firstName": "Gibson",
    "lastName": "Petersen",
    "email": "gibsonpetersen@exostream.com",
    "phone": "+1 (983) 527-3276",
    "street": "547 Dank Court",
    "city": "Sheatown",
    "state": "Ohio",
    "zip": 90940
  },
  {
    "firstName": "Louise",
    "lastName": "Cantrell",
    "email": "louisecantrell@exostream.com",
    "phone": "+1 (971) 468-2834",
    "street": "883 Empire Boulevard",
    "city": "Riegelwood",
    "state": "Minnesota",
    "zip": 75949
  },
  {
    "firstName": "Kristi",
    "lastName": "Warren",
    "email": "kristiwarren@exostream.com",
    "phone": "+1 (875) 483-3574",
    "street": "871 Moffat Street",
    "city": "Mappsville",
    "state": "Federated States Of Micronesia",
    "zip": 25089
  },
  {
    "firstName": "Juanita",
    "lastName": "Patterson",
    "email": "juanitapatterson@exostream.com",
    "phone": "+1 (970) 580-2592",
    "street": "106 Goodwin Place",
    "city": "National",
    "state": "Idaho",
    "zip": 55564
  },
  {
    "firstName": "Mcpherson",
    "lastName": "Duran",
    "email": "mcphersonduran@exostream.com",
    "phone": "+1 (877) 413-3151",
    "street": "396 Butler Street",
    "city": "Garnet",
    "state": "Georgia",
    "zip": 48566
  },
  {
    "firstName": "Davis",
    "lastName": "Hodge",
    "email": "davishodge@exostream.com",
    "phone": "+1 (966) 500-3052",
    "street": "806 Shale Street",
    "city": "Sedley",
    "state": "Utah",
    "zip": 66685
  },
  {
    "firstName": "Brianna",
    "lastName": "Bentley",
    "email": "briannabentley@exostream.com",
    "phone": "+1 (978) 595-2240",
    "street": "774 Cadman Plaza",
    "city": "Fairhaven",
    "state": "American Samoa",
    "zip": 85192
  },
  {
    "firstName": "Jannie",
    "lastName": "Rich",
    "email": "jannierich@exostream.com",
    "phone": "+1 (989) 546-2436",
    "street": "355 Williamsburg Street",
    "city": "Tedrow",
    "state": "Michigan",
    "zip": 58385
  },
  {
    "firstName": "Meadows",
    "lastName": "Berger",
    "email": "meadowsberger@exostream.com",
    "phone": "+1 (914) 567-3128",
    "street": "951 Durland Place",
    "city": "Logan",
    "state": "Massachusetts",
    "zip": 33289
  },
  {
    "firstName": "Robin",
    "lastName": "Wise",
    "email": "robinwise@exostream.com",
    "phone": "+1 (902) 505-2003",
    "street": "225 Emerald Street",
    "city": "Marienthal",
    "state": "Florida",
    "zip": 19808
  },
  {
    "firstName": "Alexander",
    "lastName": "Clemons",
    "email": "alexanderclemons@exostream.com",
    "phone": "+1 (884) 404-3593",
    "street": "857 Plaza Street",
    "city": "Hamilton",
    "state": "Arkansas",
    "zip": 66337
  },
  {
    "firstName": "Augusta",
    "lastName": "Massey",
    "email": "augustamassey@exostream.com",
    "phone": "+1 (813) 582-3466",
    "street": "827 Village Road",
    "city": "Beaverdale",
    "state": "Washington",
    "zip": 69295
  },
  {
    "firstName": "Flynn",
    "lastName": "Diaz",
    "email": "flynndiaz@exostream.com",
    "phone": "+1 (950) 544-3362",
    "street": "248 Gates Avenue",
    "city": "Lynn",
    "state": "Montana",
    "zip": 37347
  },
  {
    "firstName": "Janette",
    "lastName": "Bryan",
    "email": "janettebryan@exostream.com",
    "phone": "+1 (863) 509-2665",
    "street": "530 Hausman Street",
    "city": "Dargan",
    "state": "New Mexico",
    "zip": 59604
  },
  {
    "firstName": "Hahn",
    "lastName": "Ewing",
    "email": "hahnewing@exostream.com",
    "phone": "+1 (990) 599-2933",
    "street": "192 Strong Place",
    "city": "Maxville",
    "state": "Guam",
    "zip": 23478
  },
  {
    "firstName": "Valarie",
    "lastName": "Yates",
    "email": "valarieyates@exostream.com",
    "phone": "+1 (967) 412-3911",
    "street": "373 Guernsey Street",
    "city": "Jenkinsville",
    "state": "District Of Columbia",
    "zip": 46148
  },
  {
    "firstName": "Martin",
    "lastName": "Whitaker",
    "email": "martinwhitaker@exostream.com",
    "phone": "+1 (944) 472-2257",
    "street": "554 Will Place",
    "city": "Bascom",
    "state": "Oklahoma",
    "zip": 16213
  },
  {
    "firstName": "Sparks",
    "lastName": "Robles",
    "email": "sparksrobles@exostream.com",
    "phone": "+1 (860) 559-3554",
    "street": "904 Bliss Terrace",
    "city": "Brambleton",
    "state": "Northern Mariana Islands",
    "zip": 97650
  },
  {
    "firstName": "Ingram",
    "lastName": "Holcomb",
    "email": "ingramholcomb@exostream.com",
    "phone": "+1 (889) 471-3799",
    "street": "755 Kingston Avenue",
    "city": "Orviston",
    "state": "Puerto Rico",
    "zip": 84286
  },
  {
    "firstName": "Cecilia",
    "lastName": "Baird",
    "email": "ceciliabaird@exostream.com",
    "phone": "+1 (894) 525-3790",
    "street": "991 Dennett Place",
    "city": "Kidder",
    "state": "Delaware",
    "zip": 82063
  },
  {
    "firstName": "Mack",
    "lastName": "Rodriguez",
    "email": "mackrodriguez@exostream.com",
    "phone": "+1 (910) 519-2692",
    "street": "410 Bayview Place",
    "city": "Beaulieu",
    "state": "Alabama",
    "zip": 35064
  },
  {
    "firstName": "Simon",
    "lastName": "Cantu",
    "email": "simoncantu@exostream.com",
    "phone": "+1 (996) 560-2318",
    "street": "775 Ross Street",
    "city": "Trona",
    "state": "Nebraska",
    "zip": 83904
  },
  {
    "firstName": "Vanessa",
    "lastName": "Riddle",
    "email": "vanessariddle@exostream.com",
    "phone": "+1 (854) 553-2349",
    "street": "513 Ferris Street",
    "city": "Foscoe",
    "state": "Vermont",
    "zip": 68003
  },
  {
    "firstName": "Bowers",
    "lastName": "Montoya",
    "email": "bowersmontoya@exostream.com",
    "phone": "+1 (839) 405-3353",
    "street": "916 Bedford Place",
    "city": "Coultervillle",
    "state": "Oregon",
    "zip": 53969
  },
  {
    "firstName": "Church",
    "lastName": "Mercer",
    "email": "churchmercer@exostream.com",
    "phone": "+1 (895) 565-3403",
    "street": "763 Stratford Road",
    "city": "Herald",
    "state": "Tennessee",
    "zip": 70623
  },
  {
    "firstName": "Bettye",
    "lastName": "Woodard",
    "email": "bettyewoodard@exostream.com",
    "phone": "+1 (950) 590-3990",
    "street": "352 Montgomery Place",
    "city": "Monument",
    "state": "Nevada",
    "zip": 18096
  },
  {
    "firstName": "Rivera",
    "lastName": "Marsh",
    "email": "riveramarsh@exostream.com",
    "phone": "+1 (846) 539-3136",
    "street": "438 McKinley Avenue",
    "city": "Sardis",
    "state": "North Dakota",
    "zip": 70191
  },
  {
    "firstName": "Spears",
    "lastName": "Larsen",
    "email": "spearslarsen@exostream.com",
    "phone": "+1 (988) 411-2024",
    "street": "359 Vandam Street",
    "city": "Rosburg",
    "state": "Wisconsin",
    "zip": 99560
  },
  {
    "firstName": "Hester",
    "lastName": "Madden",
    "email": "hestermadden@exostream.com",
    "phone": "+1 (800) 436-2215",
    "street": "648 Fleet Walk",
    "city": "Brandywine",
    "state": "New Jersey",
    "zip": 41605
  },
  {
    "firstName": "Malone",
    "lastName": "Beach",
    "email": "malonebeach@exostream.com",
    "phone": "+1 (934) 572-3685",
    "street": "350 Hampton Avenue",
    "city": "Tonopah",
    "state": "Palau",
    "zip": 29109
  },
  {
    "firstName": "Mejia",
    "lastName": "Douglas",
    "email": "mejiadouglas@exostream.com",
    "phone": "+1 (979) 566-2639",
    "street": "719 Kossuth Place",
    "city": "Harold",
    "state": "Connecticut",
    "zip": 27259
  }
]
